pdb.id,cdr3b,cdr3a,,,
3PWP,PGLAGGRP,VTTDSWGK,,,
3D39,PGLAGGRP,VTTDSWGK,,,
3D3V,PGLAGGRP,VTTDSWGK,,,
3QFJ,PGLAGGRP,VTTDSWGK,,,
2GJ6,PGLAGGRP,VTTDSWGK,,,
1QRN,PGLAGGRP,VTTDSWGK,,,
1QSE,PGLAGGRP,VTTDSWGK,,,
1QSF,PGLAGGRP,VTTDSWGK,,,
1AO7,PGLAGGRP,VTTDSWGK,,,
3H9S,PGLAGGRP,VTTDSWGK,,,
3UTS,LWEKLAKN,MRGDSSYK,,,
3UTT,LWEKLAKN,MRGDSSYK,,,
5HYJ,LWEKLAKN,MRGDSSYK,,,
5C0A,LWEKLAKN,MRGDSSYK,,,
5C0B,LWEKLAKN,MRGDSSYK,,,
5C0C,LWEKLAKN,MRGDSSYK,,,
5C08,LWEKLAKN,MRGDSSYK,,,
5C09,LWEKLAKN,MRGDSSYK,,,
5C07,LWEKLAKN,MRGDSSYK,,,
3QDJ,SLSFGTEA,VNFGGGKL,,,
6D78,SLSFGTEA,VNFGGGKL,,,
3QDG,SLSFGTEA,VNFGGGKL,,,
6DKP,SLSFGTEA,VNFGGGKL,,,
6AMU,SLSFGTEA,VNFGGGKL,,,
6AM5,SLSFGTEA,VNFGGGKL,,,
5HHO,SSRSSYEQ,GAGSQGNL,,,
1OGA,SSRSSYEQ,GAGSQGNL,,,
2VLJ,SSRSSYEQ,GAGSQGNL,,,
2VLK,SSRSSYEQ,GAGSQGNL,,,
5HHM,SSRSSYEQ,GAGSQGNL,,,
6TMO,ETGLGMGG,AVNDGGRL,,,
4JFD,ETGLGMGG,AVNDGGRL,,,
4JFE,ETGLGMGG,AVNDGGRL,,,
4JFF,ETGLGMGG,AVNDGGRL,,,
6VMC,SMGGTYEQ,VNALLGNQ,,,
6VM9,SMGGTYEQ,VNALLGNQ,,,
6VMA,SMGGTYEQ,VNALLGNQ,,,
5NMG,SDTVSYEQ,VRTNSGYA,,,
5NMF,SDTVSYEQ,VRTNSGYA,,,
5NME,SDTVSYEQ,VRTNSGYA,,,
1AO7_tcr,PGLAGGRP,VTTDSWGK,,,
